Strategy,TotalReturn,AnnReturn,AnnVol,Sharpe,Sortino,MaxDD,Calmar,Obs
InverseVol_GARCH,-0.01673426058661731,-0.00840243071426261,0.6457146272860668,-0.013012607054571393,-0.018217089936344043,-0.5758438905542351,-0.014591507962645021,730
EqualWeight,-0.11773063032573827,-0.06070804875466873,0.6905543056866504,-0.08791205594512061,-0.12379608250622622,-0.623587737753491,-0.0973528584339596,730
BTC_Only,0.6649849804242862,0.2903429700758966,0.4790241406819862,0.6061134406765714,0.9215086761557604,-0.33119719727988195,0.8766468208682907,730
