Strategy,TotalReturn,AnnReturn,AnnVol,Sharpe,Sortino,MaxDD,Calmar,Obs
InverseVol_GARCH,-0.589820569109174,-0.35954747959678857,0.6600940421336138,-0.5446912964622854,-0.6815155093891914,-0.8038775003208775,-0.44726650447769817,730
EqualWeight,-0.6180459637621507,-0.3819756993144612,0.693602667055593,-0.5507125584392331,-0.6883873037111424,-0.83441507508009,-0.45777660390159874,730
BTC_Only,-0.3273865385519491,-0.17986985090898477,0.5496317675419243,-0.32725519435203465,-0.4173880048172329,-0.7307154940272763,-0.24615579165790968,730
