,ann_return,ann_vol,sharpe,max_dd,turnover_mean
lowvol_trend,0.04874605672348764,0.3990963547469301,0.3181491530411975,-0.5435989128673779,0.06278538812785388
